City_ID,City,Country,Lat,Lng,Max Temp,Humidity,Cloudiness,Wind Speed,Current Description
0,Sorland,NO,67.667,12.6934,43.5,82,100,4.9,overcast clouds
1,Laguna,US,38.421,-121.4238,64.08,57,100,18.41,overcast clouds
2,Yellowknife,CA,62.456,-114.3525,17.58,93,10,4.81,clear sky
3,Pringsewu,ID,-5.3582,104.9744,80.28,80,100,0.63,overcast clouds
4,Vestmannaeyjar,IS,63.4427,-20.2734,46.51,89,100,7.85,overcast clouds
5,Hwange,ZW,-18.3693,26.5019,60.01,93,98,4.05,moderate rain
6,Port Alfred,ZA,-33.5906,26.891,72.86,48,99,8.43,overcast clouds
7,Thompson,CA,55.7435,-97.8558,24.93,92,100,8.55,overcast clouds
8,Castro,BR,-24.7911,-50.0119,54.73,87,0,3.53,clear sky
9,Kapaa,US,22.0752,-159.319,80.58,93,100,17.27,light rain
10,Thai Binh,VN,20.45,106.3333,77.02,73,76,6.35,broken clouds
11,Puerto Narino,CO,-3.7703,-70.3831,71.51,99,100,1.28,overcast clouds
12,Kruisfontein,ZA,-34.0033,24.7314,69.58,32,100,8.68,overcast clouds
13,Albany,US,42.6001,-73.9662,38.91,67,13,3.58,few clouds
14,Port Elizabeth,ZA,-33.918,25.5701,71.31,53,100,1.99,overcast clouds
15,Miri,MY,4.4148,114.0089,87.33,64,81,2.86,broken clouds
16,Jinxiang,CN,27.4327,120.6062,70.03,69,6,5.5,clear sky
17,Busselton,AU,-33.65,115.3333,68.59,50,1,12.26,clear sky
18,Saint-Pierre,RE,-21.3393,55.4781,75.9,86,75,5.75,broken clouds
19,Longyearbyen,SJ,78.2186,15.6401,28.24,69,20,12.66,few clouds
20,Nikolskoye,RU,59.7035,30.7861,40.89,97,20,5.99,few clouds
21,Pedernales,DO,18.0384,-71.744,78.46,78,98,3.33,overcast clouds
22,Ponta Do Sol,PT,32.6667,-17.1,62.01,60,9,4.14,clear sky
23,Hobart,AU,-42.8794,147.3294,58.01,54,75,10.36,broken clouds
24,Hammerfest,NO,70.6634,23.6821,39.65,87,75,1.14,broken clouds
25,San Jose,US,37.3394,-121.895,63.0,58,75,16.11,broken clouds
26,Kiruna,SE,67.8557,20.2251,29.32,80,48,8.05,scattered clouds
27,Sawakin,SD,19.1059,37.3321,77.25,70,31,7.63,scattered clouds
28,Aklavik,CA,68.2191,-135.0107,15.94,92,89,8.1,overcast clouds
29,Bredasdorp,ZA,-34.5322,20.0403,60.51,84,75,3.33,broken clouds
30,Saint-Philippe,RE,-21.3585,55.7679,74.79,84,65,4.18,broken clouds
31,Katsuura,JP,35.1333,140.3,64.04,70,100,5.01,overcast clouds
32,Sokoni,TZ,-6.4333,39.55,79.63,83,100,10.78,light rain
33,Waipawa,NZ,-41.4122,175.5153,68.94,64,20,11.25,light rain
34,Bria,CF,6.5423,21.9863,69.55,92,100,1.32,overcast clouds
35,Pisco,PE,-13.7,-76.2167,66.25,82,0,10.36,clear sky
36,Susehri,TR,40.1644,38.0867,45.3,71,3,1.68,clear sky
37,Khatanga,RU,71.9667,102.5,6.35,90,67,4.65,broken clouds
38,Coahuayana,MX,18.7333,-103.6833,71.42,84,0,1.52,clear sky
39,Koutiala,ML,12.3917,-5.4642,84.54,9,72,3.89,broken clouds
40,Roebourne,AU,-20.7833,117.1333,91.89,25,4,17.07,clear sky
41,Punta Arenas,CL,-53.15,-70.9167,44.71,70,75,13.8,broken clouds
42,Salihorsk,BY,52.7876,27.5415,43.45,97,100,9.6,overcast clouds
43,Bambous Virieux,MU,-20.3428,57.7575,76.21,94,40,3.44,scattered clouds
44,Iqaluit,CA,63.7506,-68.5145,16.7,78,100,5.01,overcast clouds
45,Salinas,US,36.6777,-121.6555,58.06,83,0,3.33,clear sky
46,Avarua,CK,-21.2078,-159.775,78.85,57,40,11.5,scattered clouds
47,Mandiana,GN,10.6333,-8.6833,81.88,52,100,5.55,overcast clouds
48,Hermanus,ZA,-34.4187,19.2345,59.81,95,68,1.66,broken clouds
49,Nanortalik,GL,60.1432,-45.2371,31.46,69,100,11.77,overcast clouds
50,Tura,IN,25.5198,90.2201,80.87,47,21,2.06,few clouds
51,Vaini,TO,-21.2,-175.2,82.56,83,75,11.5,broken clouds
52,Linguere,SN,15.3953,-15.1193,76.96,34,8,8.79,clear sky
53,Butaritari,KI,3.0707,172.7902,81.72,79,73,13.69,light rain
54,Bluff,NZ,-46.6,168.3333,55.8,91,100,11.34,light rain
55,Wau,SS,7.7029,27.9953,77.76,65,89,7.49,overcast clouds
56,Rikitea,PF,-23.1203,-134.9692,78.84,72,64,19.19,broken clouds
57,Drexel Heights,US,32.1412,-111.0284,81.72,14,0,9.22,clear sky
58,Champerico,GT,14.3,-91.9167,83.3,67,4,2.53,clear sky
59,Cap Malheureux,MU,-19.9842,57.6142,76.46,90,99,9.64,overcast clouds
60,Mananara,MG,-16.1667,49.7667,74.75,95,100,4.65,light rain
61,Barrow,US,71.2906,-156.7887,8.62,78,0,12.66,clear sky
62,Liverpool,GB,53.4106,-2.9779,47.28,68,100,5.75,overcast clouds
63,New Norfolk,AU,-42.7826,147.0587,57.65,48,86,1.99,overcast clouds
64,Nizhnevartovsk,RU,60.9344,76.5531,23.02,68,0,8.99,clear sky
65,Puerto Ayora,EC,-0.7393,-90.3518,73.38,94,81,5.3,broken clouds
66,Rura,IN,26.4833,79.9,92.19,28,26,9.95,scattered clouds
67,Itanhem,BR,-17.1664,-40.33,66.45,89,0,2.21,clear sky
68,Cherskiy,RU,68.75,161.3,29.48,81,64,1.34,broken clouds
69,Shiloh,US,38.5614,-89.8973,53.73,85,100,10.36,overcast clouds
70,San Policarpo,PH,12.1791,125.5072,83.05,82,82,9.28,broken clouds
71,Bathsheba,BB,13.2167,-59.5167,79.41,73,40,16.11,scattered clouds
72,Dolores,AR,-36.3132,-57.6792,60.19,79,99,4.54,moderate rain
73,Wageningen,NL,51.9667,5.6667,47.86,86,100,3.44,overcast clouds
74,Mar Del Plata,AR,-38.0023,-57.5575,60.87,93,100,1.99,fog
75,Arraial Do Cabo,BR,-22.9661,-42.0278,73.13,76,4,9.75,clear sky
76,Palembang,ID,-2.9167,104.7458,84.29,74,20,4.61,few clouds
77,Jamestown,US,42.097,-79.2353,46.04,45,75,9.22,broken clouds
78,Aliwal North,ZA,-30.6937,26.7114,53.49,72,72,1.54,broken clouds
79,Ishurdi,BD,24.1333,89.0833,83.01,68,27,7.78,scattered clouds
80,Carnarvon,AU,-24.8667,113.6333,84.54,33,98,8.41,overcast clouds
81,Faanui,PF,-16.4833,-151.75,81.46,69,14,7.56,few clouds
82,Gat,IL,31.61,34.7642,56.39,100,1,5.48,clear sky
83,Awbari,LY,26.5921,12.7805,72.72,14,99,16.31,overcast clouds
84,Lavrentiya,RU,65.5833,-171.0,26.08,86,13,2.93,few clouds
85,Vestmanna,FO,62.1564,-7.1664,41.92,87,20,13.8,few clouds
86,Nuuk,GL,64.1835,-51.7216,25.41,93,100,8.05,light snow
87,Hoshcha,UA,50.6003,26.6744,39.42,93,100,7.63,overcast clouds
88,Astoria,US,46.1879,-123.8313,51.48,69,0,6.91,clear sky
89,Acapulco,MX,16.8634,-99.8901,80.42,74,0,6.91,clear sky
90,Qaanaaq,GL,77.484,-69.3632,-9.26,87,100,7.34,overcast clouds
91,Chokurdakh,RU,70.6333,147.9167,21.92,92,54,4.68,broken clouds
92,Brownsville,US,25.9018,-97.4975,78.75,86,100,12.66,overcast clouds
93,Opotiki,NZ,-38.0833,177.2833,70.39,83,100,9.78,overcast clouds
94,Popondetta,PG,-8.7537,148.2534,85.87,68,79,1.97,broken clouds
95,Mataura,NZ,-46.1927,168.8643,55.47,98,100,3.69,light rain
96,Isangel,VU,-19.55,169.2667,81.46,72,45,7.74,scattered clouds
97,Fraserburgh,GB,57.6874,-2.0184,40.12,86,75,8.52,broken clouds
98,Kyra,RU,49.5776,111.9753,39.67,30,38,8.75,scattered clouds
99,Mayo,US,38.8876,-76.5119,52.11,71,0,10.36,clear sky
100,Svetlogorsk,BY,52.6333,29.7333,42.01,99,100,3.76,overcast clouds
101,Lebu,CL,-37.6167,-73.65,49.55,83,79,3.94,broken clouds
102,Longonjo,AO,-12.9067,15.2533,63.5,90,82,1.92,broken clouds
103,Tiksi,RU,71.6872,128.8694,12.83,93,100,6.22,overcast clouds
104,Ilulissat,GL,69.2167,-51.1,17.62,45,100,10.36,overcast clouds
105,Mezhdurechensk,RU,53.6942,88.0603,36.57,99,100,2.86,light rain
106,Tuktoyaktuk,CA,69.4541,-133.0374,4.75,97,98,6.2,overcast clouds
107,Komsomolskiy,UZ,40.4272,71.7189,59.72,77,100,4.61,overcast clouds
108,Camacha,PT,33.0833,-16.3333,56.62,77,40,11.5,scattered clouds
109,Sekoma,BW,-24.4,23.8833,55.74,78,0,6.71,clear sky
110,Tuatapere,NZ,-46.1333,167.6833,54.37,94,100,4.14,overcast clouds
111,Vila,PT,42.0304,-8.1588,38.28,88,97,2.01,overcast clouds
112,Severo-Kurilsk,RU,50.6789,156.125,36.39,96,99,3.47,overcast clouds
113,Mount Isa,AU,-20.7333,139.5,91.17,21,6,12.66,clear sky
114,Kieta,PG,-6.2167,155.6333,85.17,68,30,4.03,scattered clouds
115,Mirabad,AF,30.4362,61.8383,77.25,13,13,2.93,few clouds
116,Atuona,PF,-9.8,-139.0333,79.21,75,19,17.67,few clouds
117,Cape Town,ZA,-33.9258,18.4232,62.91,91,75,4.0,mist
118,Airai,TL,-8.9266,125.4092,72.48,68,45,4.21,scattered clouds
119,Tynda,RU,55.1667,124.7167,31.03,44,77,8.03,broken clouds
120,Ushuaia,AR,-54.8,-68.3,42.46,81,40,23.02,scattered clouds
121,Norman Wells,CA,65.282,-126.8329,30.87,80,98,1.66,overcast clouds
122,Kudahuvadhoo,MV,2.6708,72.8944,83.34,72,42,7.78,scattered clouds
123,Jibuti,DJ,11.5,42.5,73.94,82,49,14.45,scattered clouds
124,Adrar,MR,20.5022,-10.0711,75.04,17,5,11.27,clear sky
125,Kodiak,US,57.79,-152.4072,44.11,57,0,6.91,clear sky
126,Chuy,UY,-33.6971,-53.4616,62.92,88,100,8.23,overcast clouds
127,Luderitz,NA,-26.6481,15.1594,69.22,40,8,3.18,clear sky
128,Abu Samrah,SY,35.3029,37.1841,49.33,88,0,6.64,clear sky
129,San Miguel,SV,13.4833,-88.1833,83.86,84,40,9.22,scattered clouds
130,Batagay,RU,67.6333,134.6333,29.32,93,100,2.39,overcast clouds
131,Brandon,US,27.9378,-82.2859,71.47,72,0,4.61,clear sky
132,Cayenne,GF,4.9333,-52.3333,80.1,1,75,0.0,broken clouds
133,Ngunguru,NZ,-35.6167,174.5,67.82,91,37,12.93,scattered clouds
134,Tupik,RU,54.4253,119.9327,33.6,42,35,6.67,scattered clouds
135,Tahta,EG,26.7693,31.5021,62.08,47,3,11.25,clear sky
136,Kamenka,RU,51.3223,42.7678,45.93,82,38,11.54,scattered clouds
137,Torbay,CA,47.6666,-52.7314,40.75,92,100,18.41,light intensity shower rain
138,Klaksvik,FO,62.2266,-6.589,43.72,91,1,16.02,clear sky
139,Ilhabela,BR,-23.7781,-45.3581,68.79,86,63,2.01,broken clouds
140,Lompoc,US,34.6391,-120.4579,57.34,87,0,5.75,clear sky
141,Lively,CA,46.4334,-81.1498,30.72,76,99,7.85,overcast clouds
142,Vardo,NO,70.3705,31.1107,38.44,94,27,10.67,scattered clouds
143,Qaqortoq,GL,60.7167,-46.0333,30.24,69,100,6.51,overcast clouds
144,Lagoa,PT,39.05,-27.9833,58.15,75,68,15.88,broken clouds
145,Male,MV,4.1748,73.5089,84.09,72,65,6.42,broken clouds
146,Bonavista,CA,48.6499,-53.1147,36.23,92,100,13.91,light rain
147,Kavieng,PG,-2.5744,150.7967,84.52,73,100,13.04,light rain
148,Khandyga,RU,62.6667,135.6,31.77,73,100,4.32,overcast clouds
149,Hami,CN,42.8,93.45,66.63,9,46,9.84,scattered clouds
150,Cockburn Town,TC,21.4612,-71.1419,77.14,81,100,17.38,overcast clouds
151,Oranjestad,AW,12.524,-70.027,78.44,88,15,16.17,few clouds
152,Mount Gambier,AU,-37.8333,140.7667,60.31,52,100,7.87,overcast clouds
153,Souillac,MU,-20.5167,57.5167,75.58,94,40,3.44,scattered clouds
154,Barberton,ZA,-25.7884,31.0532,53.01,90,86,4.12,overcast clouds
155,Challans,FR,46.8436,-1.8749,53.8,89,93,5.95,overcast clouds
156,Sambava,MG,-14.2667,50.1667,75.16,95,100,10.07,heavy intensity rain
157,Wanning,CN,18.8003,110.3967,81.84,69,18,6.29,few clouds
158,Zhuhai,CN,22.2769,113.5678,81.86,78,87,3.44,overcast clouds
159,Grindavik,IS,63.8424,-22.4338,41.47,100,40,4.61,scattered clouds
160,El Cope,PA,8.6167,-80.6,69.03,83,83,1.68,broken clouds
161,Buta,CD,2.7858,24.73,70.81,99,100,1.59,overcast clouds
162,Puerto Leguizamo,CO,-0.1934,-74.7819,72.61,98,95,0.63,overcast clouds
163,Dengzhou,CN,37.8086,120.7508,69.93,40,7,20.65,clear sky
164,Shuyskoye,RU,59.3736,41.0305,36.77,86,97,7.94,overcast clouds
165,Hilo,US,19.7297,-155.09,76.73,74,40,10.36,scattered clouds
166,Tsabong,BW,-26.0217,22.401,61.41,63,0,9.6,clear sky
167,Chara,RU,56.9064,118.2631,22.33,57,15,1.68,few clouds
168,Tigre,AR,-34.426,-58.5796,63.21,94,0,4.61,light rain
169,Veraval,IN,20.9,70.3667,86.13,47,35,14.2,scattered clouds
170,Tarko-Sale,RU,64.9225,77.785,7.36,89,56,18.37,broken clouds
171,Ak-Dovurak,RU,51.1833,90.6,45.54,43,54,0.78,broken clouds
172,Manzhouli,CN,49.6,117.4333,45.61,17,5,9.51,clear sky
173,Pulivendla,IN,14.4167,78.2333,90.0,43,2,5.95,clear sky
174,Tupiza,BO,-21.45,-65.7167,54.97,21,54,3.67,broken clouds
175,Lazaro Cardenas,MX,17.9583,-102.2,75.69,79,0,5.37,clear sky
176,Nizwa,OM,22.9333,57.5333,79.66,23,87,0.78,overcast clouds
177,La Ronge,CA,55.1001,-105.2842,22.68,92,39,2.46,scattered clouds
178,Banjar,ID,-8.19,114.9675,86.0,67,83,5.01,broken clouds
179,Ouadda,CF,8.0777,22.4007,69.1,93,100,3.29,overcast clouds
180,Pangnirtung,CA,66.1451,-65.7125,13.32,90,100,5.32,overcast clouds
181,Sept-Iles,CA,50.2001,-66.3821,37.06,59,6,7.0,clear sky
182,Sola,VU,-13.8833,167.55,82.96,73,24,10.76,few clouds
183,Belaya Kalitva,RU,48.17,40.78,41.14,84,1,3.96,clear sky
184,Pevek,RU,69.7008,170.3133,28.13,78,100,0.6,overcast clouds
185,Bangassou,CF,4.7413,22.8184,69.12,100,100,2.35,overcast clouds
186,Banbury,GB,52.0602,-1.3403,43.74,82,88,1.99,overcast clouds
187,Huarmey,PE,-10.0681,-78.1522,68.25,86,98,8.97,overcast clouds
188,Lewisville,US,33.0462,-96.9942,79.72,68,0,21.85,clear sky
189,Hambantota,LK,6.1241,81.1185,84.54,94,20,1.14,few clouds
190,Olafsvik,IS,64.8945,-23.7142,45.43,89,100,5.57,overcast clouds
191,Poum,NC,-20.2333,164.0167,78.48,72,20,14.16,few clouds
192,Ancud,CL,-41.8697,-73.8203,54.23,88,100,19.71,light rain
193,East London,ZA,-33.0153,27.9116,70.11,51,93,5.01,overcast clouds
194,Port Lincoln,AU,-34.7333,135.8667,63.61,55,98,8.46,overcast clouds
195,Faya,SA,18.3851,42.4509,61.32,49,89,1.5,overcast clouds
196,Nkongsamba,CM,4.9547,9.9404,67.3,97,98,1.23,overcast clouds
197,Bodden Town,KY,19.2833,-81.25,80.6,79,20,12.66,few clouds
198,Suhbaatar,MN,50.2314,106.2078,43.11,27,100,9.62,overcast clouds
199,Havoysund,NO,70.9963,24.6622,44.83,88,100,14.99,overcast clouds
200,Mana,GF,5.6592,-53.7767,76.35,91,100,9.01,overcast clouds
201,Hualmay,PE,-11.0964,-77.6139,67.41,87,99,8.48,overcast clouds
202,Georgetown,MY,5.4112,100.3354,87.73,70,20,1.14,haze
203,Rosamorada,MX,22.1222,-105.2058,70.03,76,0,0.25,clear sky
204,Upernavik,GL,72.7868,-56.1549,-9.0,71,43,7.18,scattered clouds
205,Mocuba,MZ,-16.8392,36.9856,69.49,93,100,4.27,overcast clouds
206,Eureka,US,40.8021,-124.1637,54.36,85,100,7.0,light rain
207,Henties Bay,NA,-22.116,14.2845,67.93,63,40,2.35,scattered clouds
208,Toda Raisingh,IN,26.0252,75.4849,90.7,20,100,15.57,overcast clouds
209,Cheremukhovo,RU,60.3484,59.9851,22.87,85,91,12.03,light snow
210,Chapais,CA,49.7834,-74.8492,22.19,96,17,2.55,few clouds
211,Lasa,IT,46.6166,10.7002,43.36,95,99,1.79,overcast clouds
212,Hithadhoo,MV,-0.6,73.0833,82.76,69,83,4.38,broken clouds
213,Sao Joao Da Barra,BR,-21.6403,-41.0511,69.13,89,0,5.95,clear sky
214,Kerema,PG,-7.9631,145.7785,85.8,66,83,8.28,broken clouds
215,Mecca,SA,21.4267,39.8261,81.21,46,89,3.0,overcast clouds
216,Fukue,JP,32.6881,128.8419,56.88,94,100,9.37,moderate rain
217,Laredo,US,27.5064,-99.5075,80.89,69,0,13.8,clear sky
218,Ribeira Grande,PT,38.5167,-28.7,59.58,74,84,12.3,broken clouds
219,Mulchen,CL,-37.7167,-72.2333,46.15,76,90,3.49,overcast clouds
220,Goderich,CA,43.7501,-81.7165,44.91,61,100,21.63,overcast clouds
221,Bethel,US,41.3712,-73.414,46.71,61,0,0.0,clear sky
222,Sayat,TM,38.7839,63.8803,65.12,52,0,9.73,clear sky
223,Half Moon Bay,US,37.4636,-122.4286,62.4,72,100,18.41,overcast clouds
224,Yar-Sale,RU,66.8333,70.8333,10.87,90,100,25.1,overcast clouds
225,Groton,US,41.3501,-72.0784,47.91,49,0,4.61,clear sky
226,Ribera,IT,37.4984,13.2642,62.6,46,100,11.59,overcast clouds
227,Comarapa,BO,-17.9,-64.4833,53.1,94,80,3.58,broken clouds
228,Darnah,LY,32.767,22.6367,56.88,79,53,11.48,broken clouds
229,Hauterive,FR,46.0901,3.4459,52.56,95,100,3.04,overcast clouds
230,Ontario,US,34.0633,-117.6509,62.67,62,0,11.5,clear sky
231,Stolin,BY,51.8912,26.846,40.96,98,100,5.95,light rain
232,Haines Junction,CA,60.7522,-137.5108,34.61,73,100,2.57,overcast clouds
233,Anapskaya,RU,44.89,37.38,35.83,100,0,6.71,clear sky
234,Kudowa-Zdroj,PL,50.443,16.244,39.47,96,100,1.39,overcast clouds
235,Dubbo,AU,-32.25,148.6167,68.13,49,78,13.8,broken clouds
236,San Quintin,MX,30.4833,-115.95,59.49,82,0,18.37,clear sky
237,Litovko,RU,49.2361,135.1742,55.0,59,100,6.8,overcast clouds
238,Kaitangata,NZ,-46.2817,169.8464,56.37,87,93,9.33,moderate rain
239,Westport,US,41.1415,-73.3579,48.56,59,0,5.75,clear sky
240,Bengkulu,ID,-3.8004,102.2655,83.17,67,84,4.43,broken clouds
241,Springdale,US,36.1867,-94.1288,65.68,95,100,8.05,overcast clouds
242,Horsham,GB,51.064,-0.3272,49.01,83,98,3.44,overcast clouds
243,Wattegama,LK,6.7989,81.4808,83.41,73,7,0.45,clear sky
244,Shache,CN,38.4167,77.2406,73.2,28,44,16.87,scattered clouds
245,Nisia Floresta,BR,-6.0911,-35.2086,76.01,93,15,5.59,light rain
246,Isilkul,RU,54.9109,71.2728,44.98,69,100,9.42,overcast clouds
247,Alofi,NU,-19.0595,-169.9187,82.29,78,75,5.75,broken clouds
248,Honningsvag,NO,70.9821,25.9704,44.35,70,100,12.66,overcast clouds
249,Itoman,JP,26.1247,127.6694,81.37,78,75,18.41,broken clouds
250,Nuevo Progreso,MX,23.1667,-97.95,77.54,76,99,1.01,overcast clouds
251,Guerrero Negro,MX,27.9769,-114.0611,60.31,81,0,19.19,clear sky
252,Galveston,US,29.3669,-94.9669,75.0,91,24,15.37,few clouds
253,Mollendo,PE,-17.0231,-72.0147,66.85,84,83,7.83,broken clouds
254,Izoplit,RU,56.6256,36.222,39.58,86,2,14.43,clear sky
255,Kindu,CD,-2.95,25.95,68.65,98,100,0.87,overcast clouds
256,Ocean City,US,39.2776,-74.5746,48.0,73,25,4.0,scattered clouds
257,Provideniya,RU,64.3833,-173.3,33.37,74,0,4.47,clear sky
258,Cabo San Lucas,MX,22.8909,-109.9124,70.9,77,2,10.0,clear sky
259,Saint George,US,37.1041,-113.5841,73.99,20,0,5.75,clear sky
260,Necochea,AR,-38.5473,-58.7368,58.78,89,100,11.05,overcast clouds
261,Luanda,AO,-8.8368,13.2343,75.2,94,75,6.91,broken clouds
262,Abu Dhabi,AE,24.4667,54.3667,73.96,91,20,3.44,haze
263,Dikson,RU,73.5069,80.5464,2.37,96,100,13.2,overcast clouds
264,Ayr,GB,55.4627,-4.6339,46.38,61,22,5.75,few clouds
265,Aksarka,RU,66.5606,67.7975,8.65,80,100,13.76,overcast clouds
266,Port-Gentil,GA,-0.7193,8.7815,81.45,80,100,12.86,overcast clouds
267,Juneau,US,58.3019,-134.4197,50.0,59,20,9.22,few clouds
268,Narsaq,GL,60.9167,-46.05,35.82,62,100,4.85,overcast clouds
269,Paita,PE,-5.0892,-81.1144,69.69,78,91,14.05,overcast clouds
270,San Angelo,US,31.4638,-100.437,82.62,45,0,13.8,clear sky
271,Caldwell,US,43.6629,-116.6874,62.74,34,100,8.05,overcast clouds
272,Thunder Bay,CA,48.4001,-89.3168,33.3,91,100,6.51,light snow
273,Ornskoldsvik,SE,63.2909,18.7153,29.35,100,22,3.44,few clouds
274,Makakilo City,US,21.3469,-158.0858,77.32,68,100,19.57,overcast clouds
275,Shakhovskaya,RU,56.0283,35.5097,39.16,86,47,18.19,scattered clouds
276,Ahipara,NZ,-35.1667,173.1667,71.26,80,25,9.35,scattered clouds
277,Te Anau,NZ,-45.4167,167.7167,55.62,95,100,3.09,overcast clouds
278,Formosa,AR,-26.1775,-58.1781,71.58,88,0,3.44,clear sky
279,Soyo,AO,-6.1349,12.3689,76.48,90,100,4.5,overcast clouds
280,Urumqi,CN,43.801,87.6005,58.15,20,0,4.47,clear sky
281,Poptun,GT,16.3311,-89.4169,68.27,76,0,6.02,clear sky
282,Usakos,NA,-22.0,15.6,65.64,41,13,10.74,few clouds
283,Trofors,NO,65.5333,13.4063,30.56,95,38,2.44,scattered clouds
284,Aurora,US,39.7294,-104.8319,64.38,29,75,17.27,broken clouds
285,Berlevag,NO,70.8578,29.0864,41.0,96,94,2.62,overcast clouds
286,Makali,SL,8.6333,-11.6667,70.27,95,84,0.83,broken clouds
287,Brae,GB,60.3964,-1.353,44.69,89,48,9.31,scattered clouds
288,Mitsamiouli,KM,-11.3847,43.2844,81.81,80,100,15.03,light rain
289,Aitape,PG,-3.1374,142.3475,82.56,81,62,5.19,broken clouds
290,Waingapu,ID,-9.6567,120.2641,84.25,70,84,9.86,broken clouds
291,Salalah,OM,17.0151,54.0924,78.89,78,75,2.3,broken clouds
292,Williams Lake,CA,52.1415,-122.1445,41.49,61,97,9.19,overcast clouds
293,Doctor Mora,MX,21.1417,-100.3125,66.24,64,78,7.38,broken clouds
294,Zalantun,CN,48.0,122.7167,44.62,42,100,12.68,light rain
295,Thinadhoo,MV,0.5333,72.9333,83.57,70,41,7.16,scattered clouds
296,Raga,SS,8.4596,25.678,75.33,76,94,5.97,overcast clouds
297,Ambon,ID,-3.6954,128.1814,86.14,74,40,6.91,scattered clouds
298,Racine,US,42.7495,-88.0751,49.69,92,100,13.8,moderate rain
299,Waupun,US,43.6333,-88.7296,45.0,95,100,17.69,light rain
300,Ayagoz,KZ,47.9714,80.4392,56.44,34,84,9.91,broken clouds
301,Port Hardy,CA,50.6996,-127.4199,48.0,62,100,15.82,overcast clouds
302,Talnakh,RU,69.4865,88.3972,16.21,81,37,4.18,scattered clouds
303,San Miguel De Cauri,PE,-10.1,-76.5833,44.04,95,99,2.98,overcast clouds
304,Livadiya,RU,42.8692,132.6764,53.33,66,0,10.94,clear sky
305,Itaberai,BR,-16.0203,-49.8103,65.89,56,1,5.77,clear sky
306,Coos Bay,US,43.3665,-124.2179,53.58,85,75,8.05,broken clouds
307,Esna,EG,25.2934,32.554,65.16,34,33,10.92,scattered clouds
308,Shimoda,JP,34.6667,138.95,63.95,69,100,7.85,overcast clouds
309,Yumen,CN,40.2833,97.2,57.83,14,100,6.73,overcast clouds
310,Paso De Los Toros,UY,-32.8167,-56.5167,62.58,73,35,4.21,scattered clouds
311,Tutoia,BR,-2.7619,-42.2744,76.26,91,98,6.02,overcast clouds
312,Fortuna,US,40.5982,-124.1573,54.09,88,100,5.01,moderate rain
313,Saskylakh,RU,71.9167,114.0833,11.66,93,100,5.88,overcast clouds
314,Severodvinsk,RU,64.5635,39.8302,24.12,88,16,5.08,few clouds
315,Sosnogorsk,RU,63.6023,53.8817,22.03,77,95,9.75,overcast clouds
316,Coquimbo,CL,-29.9533,-71.3436,55.13,100,75,4.61,broken clouds
317,Agadez,NE,19.75,10.25,76.19,13,6,5.79,clear sky
318,Port Augusta,AU,-32.5,137.7667,71.29,45,0,8.46,clear sky
319,Port Blair,IN,11.6667,92.75,82.44,74,40,3.44,scattered clouds
320,Morros,BR,-9.4467,-46.3003,76.19,70,75,3.29,broken clouds
321,Moyale,KE,3.5167,39.0584,65.79,96,98,6.71,light rain
322,Minab,IR,27.1467,57.0801,77.88,58,5,1.99,clear sky
323,Opuwo,NA,-18.0607,13.84,62.46,43,76,7.29,broken clouds
324,Sao Filipe,CV,14.8961,-24.4956,72.5,79,70,3.09,broken clouds
325,Burley,US,42.5357,-113.7928,51.76,41,0,8.05,clear sky
326,Paraiso,CR,9.8383,-83.8656,65.41,95,92,1.79,overcast clouds
327,Bubaque,GW,11.2833,-15.8333,75.24,75,76,18.61,broken clouds
328,Komsomolsk,UA,49.0097,33.6455,38.61,87,58,10.33,broken clouds
329,Rafsanjan,IR,30.4067,55.9939,70.5,9,78,2.04,broken clouds
330,Aberdeen,GB,57.1437,-2.0981,40.66,100,100,2.3,mist
331,Russell,US,32.3502,-85.1999,63.63,83,0,0.0,clear sky
332,Chicama,PE,-7.8447,-79.1469,63.14,80,66,5.73,broken clouds
333,Petropavlovka,RU,50.6114,105.3196,42.08,32,100,7.23,overcast clouds
334,Gobabis,NA,-22.45,18.9667,54.28,67,98,9.75,overcast clouds
335,Ulaangom,MN,49.9811,92.0667,44.74,31,8,4.54,clear sky
336,Ariquemes,BR,-9.9133,-63.0408,72.86,98,99,1.23,overcast clouds
337,Koygorodok,RU,60.445,50.9968,26.22,82,11,7.54,few clouds
338,Ulladulla,AU,-35.35,150.4667,60.89,79,100,7.81,overcast clouds
339,Mahebourg,MU,-20.4081,57.7,76.24,94,40,3.44,scattered clouds
340,Burgeo,CA,47.6167,-57.6152,36.75,94,94,8.37,overcast clouds
341,Mozarlandia,BR,-14.7447,-50.5706,73.51,54,1,6.33,clear sky
342,Vila Franca Do Campo,PT,37.7167,-25.4333,55.81,69,64,5.73,broken clouds
343,Kavaratti,IN,10.5669,72.642,84.61,73,48,10.47,scattered clouds
344,Clyde River,CA,70.4692,-68.5914,1.63,78,100,6.91,overcast clouds
345,Palmer,US,42.1584,-72.3287,42.24,74,20,0.0,few clouds
346,Sechura,PE,-5.5569,-80.8222,69.22,77,74,15.93,broken clouds
347,Nicolas De Pierola,PE,-11.95,-76.7,62.13,87,100,2.1,overcast clouds
348,Namatanai,PG,-3.6667,152.4333,84.54,72,42,10.89,light rain
349,Codrington,AU,-38.2667,141.9667,61.02,48,91,12.71,overcast clouds
350,Gwadar,PK,25.1216,62.3254,79.32,64,95,8.28,overcast clouds
351,Kumburgaz,TR,41.0211,28.4772,47.57,78,98,4.99,overcast clouds
352,Vitim,RU,59.4511,112.5578,30.06,90,100,1.9,snow
353,Mujiayingzi,CN,42.1167,118.7833,69.01,23,32,18.52,scattered clouds
354,Bilma,NE,18.6853,12.9164,78.91,12,2,4.45,clear sky
355,Qingdao,CN,36.0986,120.3719,60.48,66,0,16.31,clear sky
356,Zeya,RU,53.75,127.2667,43.16,29,2,9.28,clear sky
357,Dingle,PH,10.9995,122.6711,87.64,65,93,10.45,overcast clouds
358,Tondano,ID,1.3038,124.9112,78.89,68,99,2.17,overcast clouds
359,Mehamn,NO,71.0357,27.8492,40.95,75,75,4.61,broken clouds
360,Evensk,RU,61.95,159.2333,26.02,81,96,3.78,overcast clouds
361,Daru,PG,-9.0763,143.2092,88.05,61,100,4.7,overcast clouds
362,Rassvet,RU,46.8333,40.75,37.96,90,3,5.06,clear sky
363,Zyryanka,RU,65.75,150.85,23.94,85,99,2.77,overcast clouds
364,Turkan,AZ,40.3639,50.215,53.78,82,20,27.63,few clouds
365,Bay Roberts,CA,47.5999,-53.2648,41.5,90,100,1.99,moderate rain
366,Praia Da Vitoria,PT,38.7333,-27.0667,57.76,78,67,12.73,broken clouds
367,Ixtapa,MX,20.7,-105.2,76.23,78,0,0.0,clear sky
368,Adre,TD,13.4667,22.2,76.42,22,80,8.81,broken clouds
369,Elizabeth City,US,36.2946,-76.2511,51.03,77,0,3.44,clear sky
370,Jalu,LY,29.0331,21.5482,62.51,28,7,9.15,clear sky
371,Anadyr,RU,64.75,177.4833,32.5,74,75,13.42,broken clouds
372,Arlit,NE,18.7369,7.3853,85.46,13,98,7.34,overcast clouds
373,Jaguey Grande,CU,22.5269,-81.1286,74.59,76,1,9.78,clear sky
374,San Cristobal,VE,7.7669,-72.225,66.99,95,100,2.3,overcast clouds
375,Covina,US,34.09,-117.8903,62.2,59,0,10.36,clear sky
376,Bourail,NC,-21.5667,165.4833,78.51,62,65,9.75,broken clouds
377,San Francisco,US,37.7749,-122.4194,63.1,74,75,14.97,broken clouds
378,Hasan Abdal,PK,30.4333,72.7,89.87,16,53,7.7,broken clouds
379,Tabat,ID,-2.635,115.2274,83.46,83,98,0.85,overcast clouds
380,Jieshi,CN,22.8134,115.8257,74.95,79,95,3.49,overcast clouds
381,Sao Jose De Ribamar,BR,-2.5619,-44.0542,79.18,86,83,7.07,broken clouds
382,Luau,AO,-10.7073,22.2247,62.83,96,95,3.44,overcast clouds
383,Rio Grande,BR,-32.035,-52.0986,65.44,84,96,10.87,overcast clouds
384,Sinnar,SD,13.5691,33.5672,86.45,21,4,9.44,clear sky
385,Vredendal,ZA,-31.6683,18.5012,68.45,35,0,3.74,clear sky
386,Moron,AR,-34.6534,-58.6198,62.96,99,89,5.48,light rain
387,Fort Myers Beach,US,26.452,-81.9481,72.0,69,0,8.05,clear sky
388,Kirakira,SB,-10.4544,161.9205,84.97,72,83,7.58,broken clouds
389,Kuusamo,FI,65.9667,29.1833,28.44,100,0,1.14,clear sky
390,Turbat,PK,26.0023,63.044,78.89,41,42,2.15,scattered clouds
391,Nemuro,JP,43.3236,145.575,45.82,72,16,20.83,few clouds
392,Saint-Augustin,CA,51.226,-58.6502,32.9,94,94,13.91,overcast clouds
393,Touros,BR,-5.1989,-35.4608,77.99,85,41,8.03,scattered clouds
394,Tecoanapa,MX,16.5167,-98.75,80.15,70,5,6.44,clear sky
395,Nalut,LY,30.3333,10.85,74.01,14,44,27.2,scattered clouds
396,Guatire,VE,10.4762,-66.5427,78.21,97,99,2.84,overcast clouds
397,Yenotayevka,RU,47.2456,47.0281,50.32,65,97,14.09,overcast clouds
398,Boralday,KZ,43.3578,76.8594,49.86,71,100,4.47,overcast clouds
399,Agogo,GH,6.8,-1.0819,71.92,95,100,2.37,overcast clouds
400,Kyabe,TD,9.4515,18.9449,82.92,36,100,7.45,overcast clouds
401,Marawi,PH,7.9986,124.2928,82.17,64,92,4.52,overcast clouds
402,Saraipali,IN,21.3333,83.0,92.77,40,3,9.82,clear sky
403,Payson,US,40.0444,-111.7321,60.39,34,40,4.61,scattered clouds
404,Matagami,CA,49.7502,-77.6328,26.62,91,76,6.29,broken clouds
405,Tabou,CI,4.423,-7.3528,78.13,89,100,6.96,light rain
406,Nkoteng,CM,4.5167,12.0333,70.2,93,99,3.96,overcast clouds
407,Shaunavon,CA,49.6501,-108.4181,26.92,80,60,7.4,broken clouds
408,Murgab,TM,37.4966,61.9714,57.07,88,0,6.91,clear sky
409,Toledo,ES,39.8333,-4.0,39.94,79,4,6.29,clear sky
410,San Andres Sajcabaja,GT,15.2167,-90.9167,64.94,81,4,3.02,clear sky
411,Victoria,HK,22.2855,114.1577,78.94,77,96,5.99,overcast clouds
412,Toora-Khem,RU,52.4675,96.11,39.76,55,98,1.61,overcast clouds
413,Verkhoyansk,RU,67.5447,133.385,29.39,89,100,1.79,overcast clouds
414,Saint-Prosper,CA,46.2117,-70.4811,32.7,96,12,4.18,few clouds
415,Gdynia,PL,54.5189,18.5319,49.66,75,0,2.3,clear sky
416,Kangaatsiaq,GL,68.3065,-53.4641,7.5,77,100,18.14,overcast clouds
417,Atar,MR,20.5169,-13.0499,77.16,18,2,7.18,clear sky
418,Sinnamary,GF,5.3833,-52.95,76.64,90,100,8.52,overcast clouds
419,Kalmunai,LK,7.4167,81.8167,83.91,72,53,2.01,broken clouds
420,Bilibino,RU,68.0546,166.4372,27.82,79,100,1.05,overcast clouds
421,Muroran,JP,42.3172,140.9881,53.28,61,0,4.72,clear sky
422,Vao,NC,-22.6667,167.4833,75.61,66,0,10.78,clear sky
423,Vostok,RU,46.4856,135.8833,66.9,33,55,10.27,broken clouds
424,Kandrian,PG,-6.2167,149.55,86.04,67,78,7.29,light rain
425,San Diego De Los Banos,CU,22.6467,-83.3697,71.96,79,1,7.54,clear sky
426,Manaure,CO,11.7751,-72.4445,79.74,79,100,8.34,overcast clouds
427,Teya,RU,60.3778,92.6267,33.84,92,100,3.38,overcast clouds
428,Marsh Harbour,BS,26.5412,-77.0636,72.48,73,100,22.68,overcast clouds
429,Moen,NO,69.1304,18.6123,34.52,93,75,2.3,light snow
430,Mackay,AU,-21.15,149.2,80.69,83,100,18.19,moderate rain
431,Lorengau,PG,-2.0226,147.2712,85.89,64,28,11.63,scattered clouds
432,Wainwright,CA,52.839,-110.8572,22.39,94,31,4.76,scattered clouds
433,Marzuq,YE,14.4,46.4667,67.23,18,0,5.46,clear sky
434,Kahului,US,20.8947,-156.47,80.62,68,40,24.16,scattered clouds
435,Tasiilaq,GL,65.6145,-37.6368,32.16,93,80,4.61,broken clouds
436,Bambanglipuro,ID,-7.95,110.2833,79.16,84,96,3.49,overcast clouds
437,Buritis,BR,-15.6178,-46.4233,68.88,53,0,0.81,clear sky
438,Maun,BW,-19.9833,23.4167,55.36,100,0,6.91,clear sky
439,Emure,NG,7.4361,5.4593,71.91,93,100,2.89,light rain
440,Shelomi,IL,33.0747,35.1461,60.12,80,34,5.82,scattered clouds
441,Agapovka,RU,53.2973,59.1348,45.61,75,100,7.16,overcast clouds
442,Port Hedland,AU,-20.3167,118.5667,95.05,18,45,17.27,scattered clouds
443,Nezhinka,RU,51.7676,55.3694,53.76,82,40,8.95,mist
444,Cidreira,BR,-30.1811,-50.2056,66.61,82,4,10.58,clear sky
445,Itaituba,BR,-4.2761,-55.9836,73.54,100,100,2.1,overcast clouds
446,Ucluelet,CA,48.9329,-125.5528,45.09,89,100,10.65,light rain
447,Muros,ES,42.7762,-9.0603,46.83,85,95,5.28,overcast clouds
448,Beringovskiy,RU,63.05,179.3167,29.98,89,100,2.8,overcast clouds
449,Samarai,PG,-10.6167,150.6667,84.29,71,100,15.9,overcast clouds
450,Isla Vista,US,34.4133,-119.861,60.82,71,0,10.36,clear sky
451,Kichmengskiy Gorodok,RU,59.9816,45.7854,29.35,89,12,5.12,few clouds
452,Wuda,CN,39.4994,106.7117,56.71,26,48,18.41,scattered clouds
453,Mandera,KE,3.9366,41.867,78.37,76,68,13.96,light rain
454,Pangoa,PE,-12.1167,-73.0,70.48,83,98,2.48,overcast clouds
455,Ojinaga,MX,29.5667,-104.4167,85.41,15,0,6.91,clear sky
456,Acajutla,SV,13.5928,-89.8275,81.18,71,1,6.55,clear sky
457,Watsa,CD,3.0372,29.5355,61.86,98,96,1.59,overcast clouds
458,Milkovo,RU,54.7167,158.6167,29.46,92,100,4.99,snow
459,Aykhal,RU,66.0,111.5,18.48,86,100,10.6,light snow
460,Maxingal,PH,18.2149,121.6682,88.07,60,1,5.08,clear sky
461,Yulara,AU,-25.2406,130.9889,75.04,23,26,13.8,scattered clouds
462,Clearlake,US,38.9582,-122.6264,50.27,67,100,7.94,overcast clouds
463,Tigil,RU,57.8,158.6667,31.62,80,100,7.65,overcast clouds
464,Myitkyina,MM,25.3833,97.4,82.26,54,65,1.43,broken clouds
465,Aranos,NA,-24.1333,19.1167,59.04,58,97,10.78,overcast clouds
466,Paray-Le-Monial,FR,46.4546,4.1158,46.35,96,0,2.3,clear sky
467,San Jeronimo,PE,-11.9472,-75.2829,47.8,81,59,1.95,broken clouds
468,Lansing,US,42.7325,-84.5555,48.4,65,100,17.27,overcast clouds
469,Shiggaon,IN,15.0,75.2333,79.3,54,7,4.43,clear sky
470,Etchojoa,MX,26.9167,-109.6333,80.28,63,60,6.73,broken clouds
471,Anchorage,US,61.2181,-149.9003,46.44,38,20,5.75,shower rain
472,Staryy Nadym,RU,65.6118,72.6842,12.87,90,100,22.59,overcast clouds
473,Hasaki,JP,35.7333,140.8333,72.28,72,99,10.4,overcast clouds
474,Pacifica,US,37.6138,-122.4869,62.85,76,75,18.41,broken clouds
475,Rundu,NA,-17.9333,19.7667,54.36,70,97,5.77,overcast clouds
476,Mago,RU,53.2514,140.1822,38.93,71,99,3.83,overcast clouds
477,Kabanjahe,ID,3.1001,98.4908,67.91,87,100,1.21,overcast clouds
478,Opunake,NZ,-39.4556,173.8583,70.84,78,40,20.8,scattered clouds
479,Aswan,EG,24.0934,32.907,66.11,30,17,11.81,few clouds
480,Anjozorobe,MG,-18.4,47.8667,62.6,91,100,10.98,overcast clouds
481,Pozoblanco,ES,38.3791,-4.8483,38.12,79,0,4.47,clear sky
482,Rosarito,MX,32.3333,-117.0333,61.41,68,0,9.66,clear sky
483,Kenai,US,60.5544,-151.2583,47.03,34,0,8.05,clear sky
484,Geraldton,AU,-28.7667,114.6,82.81,23,100,20.71,overcast clouds
485,Vila Velha,BR,-20.3297,-40.2925,73.94,82,0,3.44,clear sky
486,Pacific Grove,US,36.6177,-121.9166,57.65,76,1,13.0,clear sky
487,Vangaindrano,MG,-23.35,47.6,72.66,91,49,4.88,light rain
488,Bumba,CD,2.1833,22.4667,70.05,93,100,1.16,light rain
489,Karratha,AU,-20.7377,116.8463,91.99,25,3,17.69,clear sky
490,Araioses,BR,-2.89,-41.9031,75.16,94,69,6.02,broken clouds
491,Dubuque,US,42.4833,-90.8668,48.02,83,100,10.36,mist
492,Sarangani,PH,5.4033,125.4636,82.9,78,100,13.09,overcast clouds
493,Pundaguitan,PH,6.3711,126.1689,82.76,77,100,9.4,overcast clouds
494,Kudat,MY,6.8837,116.8477,84.13,84,20,3.44,few clouds
495,Naze,JP,28.3667,129.4833,76.12,83,100,20.69,overcast clouds
496,Mwinilunga,ZM,-11.7358,24.4293,60.89,96,98,3.87,overcast clouds
497,Carahue,CL,-38.7,-73.1667,47.48,77,100,2.39,overcast clouds
498,Pandan,PH,14.0453,124.1694,85.39,72,31,7.4,scattered clouds
499,Piney Green,US,34.716,-77.3202,55.89,75,0,9.22,clear sky
500,Mizdah,LY,31.4451,12.9801,67.98,19,82,9.55,broken clouds
501,Itarema,BR,-2.9248,-39.9167,77.13,89,18,7.58,few clouds
502,Egvekinot,RU,66.3167,-179.1667,25.52,86,99,2.24,overcast clouds
503,Boguchany,RU,58.3814,97.4531,34.21,78,100,3.09,overcast clouds
504,Ostersund,SE,63.1792,14.6357,39.61,87,90,5.01,overcast clouds
505,Labuan,MY,5.2767,115.2417,86.36,70,20,3.44,few clouds
506,Kizukuri,JP,40.8061,140.3861,73.81,29,21,12.24,few clouds
507,Bolu,TR,40.6667,31.5833,39.69,71,8,4.5,clear sky
508,Umba,RU,66.6871,34.3429,31.32,91,100,11.43,overcast clouds
509,Port Keats,AU,-14.25,129.55,93.31,41,100,6.13,overcast clouds
510,Darhan,MN,49.4867,105.9228,42.33,26,98,8.86,overcast clouds
511,Oktyabrskoye,RU,43.0645,44.7417,46.54,93,100,6.71,overcast clouds
512,Banjarmasin,ID,-3.3244,114.591,89.74,65,77,0.98,broken clouds
513,Smalininkai,LT,55.0735,22.5793,43.56,85,90,9.42,overcast clouds
514,Caravelas,BR,-17.7125,-39.2481,73.78,77,0,5.14,clear sky
515,Meulaboh,ID,4.1363,96.1285,82.99,69,97,3.96,overcast clouds
516,Sobolevo,RU,54.4299,31.8996,42.93,91,100,15.82,overcast clouds
517,Erenhot,CN,43.6475,111.9767,41.99,31,100,11.97,overcast clouds
518,Roma,US,43.2128,-75.4557,36.73,79,0,4.61,clear sky
519,Murud,IN,18.3258,72.965,89.78,41,94,4.94,overcast clouds
520,Taltal,CL,-25.4,-70.4833,61.61,85,61,0.98,broken clouds
521,Bonthe,SL,7.5264,-12.505,79.36,85,100,5.32,overcast clouds
522,Acarau,BR,-2.8856,-40.12,77.7,88,26,8.46,scattered clouds
523,Porbandar,IN,21.6422,69.6093,82.38,78,20,13.8,haze
524,Conceicao Das Alagoas,BR,-19.9147,-48.3883,76.78,58,2,3.76,clear sky
525,Sur,OM,22.5667,59.5289,83.95,47,49,7.31,scattered clouds
526,Carutapera,BR,-1.195,-46.02,76.48,92,100,4.07,overcast clouds
527,Guilin,CN,25.2819,110.2864,73.51,65,98,4.72,overcast clouds
528,Haibara,JP,34.5333,135.95,65.19,61,100,6.87,light rain
529,Kulhudhuffushi,MV,6.6221,73.07,84.34,75,54,9.08,broken clouds
530,Bolshoye Nagatkino,RU,54.5196,47.9679,39.18,85,100,13.89,overcast clouds
531,Kauhajoki,FI,62.4333,22.1833,30.18,89,8,2.95,clear sky
532,Tocopilla,CL,-22.092,-70.1979,65.48,77,21,4.59,few clouds
533,Tabuk,PH,17.4189,121.4443,86.25,60,1,5.06,clear sky
534,Bijar,IR,35.8668,47.6051,54.34,33,100,4.5,overcast clouds
535,Rio Gallegos,AR,-51.6226,-69.2181,44.65,76,40,10.36,scattered clouds
536,Puertollano,ES,38.6871,-4.1073,41.16,88,0,3.69,clear sky
537,Black River,JM,18.0264,-77.8487,76.15,83,6,6.31,clear sky
538,Nome,US,64.5011,-165.4064,38.16,56,0,5.75,clear sky
539,Bell Ville,AR,-32.6259,-62.6887,55.8,96,0,7.36,clear sky
540,Mbuji-Mayi,CD,-6.15,23.6,70.03,95,100,3.36,light rain
541,Rudnogorsk,RU,57.2639,103.7519,29.44,62,100,2.66,overcast clouds
542,Yerbogachen,RU,61.2767,108.0108,28.54,62,65,7.23,broken clouds
543,Aasiaat,GL,68.7098,-52.8699,11.73,65,100,23.89,overcast clouds
544,Bejar,ES,40.3864,-5.7634,31.77,82,5,7.25,clear sky
545,Maraba,BR,-5.3686,-49.1178,73.22,98,42,1.95,scattered clouds
546,Olinda,BR,-8.0089,-34.8553,78.53,83,40,6.91,scattered clouds
547,Kailua,US,21.4022,-157.7394,78.78,83,100,11.5,light rain
548,Kiunga,PG,-6.1219,141.2906,90.16,58,85,3.89,overcast clouds
549,Sibolga,ID,1.7427,98.7792,85.51,63,96,1.52,overcast clouds
550,Hofn,IS,64.2539,-15.2082,45.32,97,100,8.88,overcast clouds
551,Varhaug,NO,58.6147,5.6457,47.86,67,80,8.32,broken clouds
552,Douglas,US,41.3,-96.167,50.61,91,0,1.01,clear sky
553,Lerwick,GB,60.1545,-1.1494,41.0,88,36,9.8,scattered clouds
554,Alta Floresta,BR,-9.8756,-56.0861,70.92,97,97,2.1,overcast clouds
555,Kawalu,ID,-7.3817,108.2082,80.02,84,86,2.95,light rain
556,Dunedin,NZ,-45.8742,170.5036,57.79,90,100,11.99,light rain
557,Solnechnyy,RU,50.7214,136.6319,41.38,78,100,5.3,overcast clouds
558,Jackson,US,42.4165,-122.8345,51.67,73,100,3.44,overcast clouds
559,Roald,NO,62.5833,6.1333,48.33,100,16,8.05,few clouds
560,Dong Hoi,VN,17.4833,106.6,77.02,83,97,4.27,overcast clouds
561,Deputatskiy,RU,69.3,139.9,22.23,78,85,2.53,overcast clouds
562,Adeje,ES,28.1227,-16.726,62.31,58,40,20.71,scattered clouds
563,Diamantino,BR,-14.4086,-56.4461,73.9,77,82,3.22,broken clouds
564,Sohag,EG,26.557,31.6948,62.2,45,27,11.34,scattered clouds
565,Sitka,US,57.0531,-135.33,48.09,66,20,9.22,few clouds
566,Comodoro Rivadavia,AR,-45.8667,-67.5,57.06,41,0,21.85,clear sky
567,Maceio,BR,-9.6658,-35.7353,72.84,88,20,4.61,few clouds
568,Nishihara,JP,26.1842,127.7558,80.65,78,75,18.41,broken clouds
569,Flinders,AU,-34.5833,150.8552,67.05,78,45,12.48,scattered clouds
570,Kushima,JP,31.4583,131.2333,60.94,96,100,5.66,moderate rain
571,Baruun-Urt,MN,46.6806,113.2792,38.77,25,83,13.71,broken clouds
572,Chumikan,RU,54.7183,135.315,31.05,92,99,6.93,overcast clouds
573,Ghanzi,BW,-21.5667,21.7833,54.79,74,0,6.62,clear sky
574,Terney,RU,45.0503,136.6092,59.4,54,12,12.1,few clouds
575,Belmonte,BR,-15.8631,-38.8828,75.76,81,3,8.88,clear sky
576,Calvinia,ZA,-31.4707,19.776,64.0,42,74,8.08,broken clouds
577,Los Llanos De Aridane,ES,28.6585,-17.9182,60.55,81,75,10.36,broken clouds
578,Manokwari,ID,-0.8667,134.0833,83.95,73,99,5.95,overcast clouds
579,Birao,CF,10.2849,22.7882,78.17,70,72,1.95,broken clouds
580,Iwanai,JP,42.9744,140.5089,66.13,36,0,8.5,clear sky
581,Rome,US,34.257,-85.1647,64.47,51,0,3.44,clear sky
582,Pitimbu,BR,-7.4706,-34.8086,77.59,82,30,10.56,scattered clouds
583,Lakselv,NO,70.0513,24.9718,30.02,93,100,3.44,overcast clouds
584,Rameshki,RU,57.3439,36.0453,39.0,85,4,12.3,clear sky
585,Okhotsk,RU,59.3833,143.3,28.87,86,100,4.97,overcast clouds
586,Golyshmanovo,RU,56.3979,68.3728,38.84,94,100,7.45,overcast clouds
587,Sabha,LY,27.0377,14.4283,72.09,19,100,19.55,overcast clouds
588,Puerto Baquerizo Moreno,EC,-0.9,-89.6,72.63,91,81,8.05,broken clouds
589,Luwuk,ID,-0.9516,122.7875,86.22,69,92,3.02,overcast clouds
590,Colares,PT,38.7992,-9.4469,56.28,72,84,35.99,broken clouds
591,Tautira,PF,-17.7333,-149.15,80.56,74,65,9.24,broken clouds
592,Montego Bay,JM,18.4712,-77.9188,78.6,78,40,5.75,scattered clouds
593,Suleja,NG,9.1758,7.1808,74.39,84,100,4.18,overcast clouds
594,Cajati,BR,-24.7361,-48.1228,64.08,99,54,0.92,broken clouds
595,Dir,PK,35.2058,71.8756,60.33,62,99,6.26,overcast clouds
596,Luby,CZ,50.2525,12.406,42.33,93,100,1.86,overcast clouds
597,Quang Ngai,VN,15.1167,108.8,83.25,70,52,4.27,broken clouds
598,Havre-Saint-Pierre,CA,50.2334,-63.5986,37.76,65,75,25.32,broken clouds
599,Zarasai,LT,55.7333,26.25,42.4,84,83,10.47,broken clouds
600,Banda Aceh,ID,5.5577,95.3222,83.93,71,97,1.66,overcast clouds
601,Turukhansk,RU,65.8167,87.9833,16.34,88,100,6.78,overcast clouds
602,Yamachiche,CA,46.2668,-72.8324,40.98,81,0,4.61,clear sky
603,Dzialdowo,PL,53.2396,20.17,44.58,95,100,10.07,light rain
604,Dutse,NG,11.7594,9.3392,84.99,27,100,5.59,overcast clouds
605,La Romana,DO,18.4273,-68.9728,71.96,100,75,0.0,broken clouds
606,Kousseri,CM,12.0769,15.0306,83.64,29,98,6.51,overcast clouds
607,Chernihiv,UA,51.0,32.0,41.83,87,100,9.26,overcast clouds
608,Maragogi,BR,-9.0122,-35.2225,79.83,67,95,6.44,overcast clouds
609,Madimba,TZ,-10.4,40.3333,74.55,93,100,8.14,overcast clouds
610,Hope,US,33.6671,-93.5916,73.45,92,95,14.45,overcast clouds
611,Imeni Poliny Osipenko,RU,52.4201,136.4853,41.25,71,100,6.51,overcast clouds
612,Karlivka,UA,49.4567,35.1295,36.52,94,19,9.93,few clouds
613,Zunyi,CN,27.6867,106.9072,68.81,68,98,8.68,overcast clouds
614,Wolsztyn,PL,52.1155,16.1171,46.92,100,100,1.81,overcast clouds
615,Akhtubinsk,RU,48.2795,46.1722,48.6,76,63,12.24,broken clouds
616,Yessentuki,RU,44.0444,42.8606,42.89,94,100,7.7,overcast clouds
617,Keningau,MY,5.3378,116.1602,87.91,59,98,2.42,overcast clouds
618,San Vicente,AR,-26.6167,-54.1333,60.15,76,3,1.54,clear sky
619,Coria,ES,39.9879,-6.5377,43.45,67,2,4.54,clear sky
620,Mayumba,GA,-3.432,10.6554,76.68,91,100,4.43,overcast clouds
621,Dubti,ET,11.7361,41.0853,78.28,71,7,9.78,clear sky
622,Chulman,RU,56.8479,124.9104,24.31,69,100,6.87,light snow
623,Bull Savanna,JM,17.8868,-77.5902,73.81,82,19,5.48,few clouds
624,Morgan City,US,29.6994,-91.2068,70.02,94,0,3.44,clear sky
625,Beeskow,DE,52.1667,14.25,45.09,87,100,3.0,overcast clouds
626,Edd,ER,13.9297,41.6925,87.28,47,94,15.26,overcast clouds
627,Kyshtovka,RU,56.555,76.6271,39.49,88,100,4.72,overcast clouds
628,Hobe Sound,US,27.0595,-80.1364,75.18,70,100,11.5,overcast clouds
629,Katherine,AU,-14.4667,132.2667,95.32,28,88,11.5,overcast clouds
630,Danbury,US,41.3948,-73.454,45.27,59,0,0.0,clear sky
631,Richards Bay,ZA,-28.783,32.0377,61.75,88,34,8.81,scattered clouds
632,Kulu,TR,39.0951,33.0799,45.46,56,4,6.46,clear sky
633,Vyritsa,RU,59.4078,30.3481,40.51,98,42,6.55,scattered clouds
634,Port Moresby,PG,-9.4431,147.1797,90.82,58,40,17.27,haze
635,Dukat,RU,62.55,155.55,17.44,82,77,4.81,broken clouds
636,Managok,PH,8.0289,125.1886,87.69,60,100,4.59,overcast clouds
637,Hun,LY,29.1268,15.9477,70.07,19,86,17.9,overcast clouds
638,Saldanha,ZA,-33.0117,17.9442,59.02,95,1,7.38,clear sky
639,Villanueva De Cordoba,ES,38.3228,-4.6287,37.35,84,0,4.43,clear sky
640,Pemba,MZ,-12.974,40.5178,75.9,94,20,8.05,few clouds
641,Krasnoselkup,RU,65.7,82.4667,6.53,89,41,13.18,scattered clouds
642,Kencong,ID,-8.2833,113.3667,85.71,65,76,3.47,broken clouds
643,Jojoima,SL,7.8792,-10.7878,72.3,98,63,1.88,broken clouds
644,Farafangana,MG,-22.8167,47.8333,73.56,89,60,4.54,light rain
645,Santo Estevao,BR,-12.4303,-39.2514,70.47,96,80,4.05,broken clouds
646,Priamurskiy,RU,48.5217,134.9028,70.21,30,100,16.53,overcast clouds
647,Kasama,ZM,-10.2129,31.1808,59.2,99,100,3.71,overcast clouds
648,Pahrump,US,36.2083,-115.9839,73.45,22,8,14.0,clear sky
649,Bowen,AU,-20.0167,148.2333,76.44,91,100,14.74,light rain
650,Margate,GB,51.3813,1.3862,50.31,85,74,3.0,broken clouds
651,Fatehabad,IN,29.5167,75.45,93.45,13,100,11.65,overcast clouds
652,Bang Len,TH,14.0219,100.1718,95.97,53,58,5.44,broken clouds
653,Volchansk,RU,59.9378,60.081,24.84,80,71,11.45,broken clouds
654,Tazovskiy,RU,67.4667,78.7,10.4,92,100,12.28,overcast clouds
655,Anloga,GH,5.7947,0.8973,80.87,79,100,5.75,moderate rain
656,Xique-Xique,BR,-10.8218,-42.7263,76.93,66,19,14.14,few clouds
657,Zhigansk,RU,66.7697,123.3711,24.66,85,100,6.02,overcast clouds
658,Leshukonskoye,RU,64.8989,45.7622,23.49,88,19,2.46,few clouds
659,Markova,UA,48.6758,24.4138,33.51,89,81,4.07,broken clouds
660,Hohhot,CN,40.8106,111.6522,55.69,33,93,15.66,overcast clouds
661,Pospelikha,RU,51.95,81.7667,47.19,81,100,12.95,light rain
662,Pokhara,NP,28.2333,83.9833,75.97,59,27,3.96,scattered clouds
663,Savannah Bight,HN,16.45,-85.85,80.82,74,0,13.56,clear sky
664,Jiazi,CN,22.8779,116.067,73.62,77,90,3.47,overcast clouds
665,Tamandare,BR,-8.7597,-35.1047,78.28,73,53,5.91,broken clouds
666,Bakchar,RU,57.0186,82.0711,39.9,86,100,5.26,overcast clouds
667,Glendive,US,47.1053,-104.7125,35.22,55,0,14.97,clear sky
668,Usogorsk,RU,63.4106,48.6872,25.39,72,23,6.76,few clouds
669,Igarka,RU,67.4667,86.5833,21.85,91,100,13.44,light snow
670,Revelstoke,CA,50.9832,-118.2023,46.42,53,75,3.44,broken clouds
671,Jamame,SO,0.0722,42.7506,78.19,86,100,3.4,light rain
672,Monywa,MM,22.1167,95.1333,89.28,39,24,3.15,few clouds
673,Bam,IR,29.106,58.357,75.18,12,41,1.61,scattered clouds
674,Timmins,CA,48.4669,-81.3331,39.02,38,100,10.36,overcast clouds
675,Santa Rosa,PH,14.3122,121.1114,91.38,64,39,8.37,scattered clouds
676,Meadow Lake,US,34.8014,-106.5436,72.88,10,0,8.08,clear sky
677,Hutchinson,US,38.0608,-97.9298,63.03,72,0,6.91,clear sky
678,Bandarbeyla,SO,9.4942,50.8122,80.37,77,8,2.55,clear sky
679,Petropavlovsk-Kamchatskiy,RU,53.0452,158.6483,30.79,100,100,8.95,light shower snow
680,Constitucion,CL,-35.3333,-72.4167,51.03,71,8,10.51,clear sky
681,Novosergiyevka,RU,52.0934,53.6528,54.91,80,100,9.57,overcast clouds
682,Erzin,TR,36.9559,36.2,54.36,91,41,0.09,scattered clouds
683,Vagay,RU,57.9375,69.0217,34.23,98,100,6.71,snow
684,Bundi,IN,25.4417,75.6417,93.4,19,95,17.02,overcast clouds
685,Gizo,SB,-8.103,156.8419,84.96,71,100,7.85,overcast clouds
686,San Patricio,US,28.017,-97.5169,77.09,87,11,16.2,few clouds
687,Renqiu,CN,38.6989,116.0936,80.65,24,100,16.31,overcast clouds
688,Paamiut,GL,61.994,-49.6678,29.12,84,100,17.81,snow
689,Kloulklubed,PW,7.0419,134.2556,77.5,85,100,9.24,light rain
690,Bandipur,NP,27.9333,84.4167,72.28,59,52,1.01,broken clouds
691,The Valley,AI,18.217,-63.0578,78.1,72,7,18.97,clear sky
692,Mayor Pablo Lagerenza,PY,-19.9309,-60.7718,73.76,49,15,4.85,few clouds
693,Oudtshoorn,ZA,-33.5907,22.2014,59.36,36,98,6.42,overcast clouds
694,Sayyan,YE,15.1718,44.3244,57.76,38,2,1.45,clear sky
695,Boende,CD,-0.2167,20.8667,69.85,97,100,0.58,overcast clouds
696,Newport Beach,US,33.6189,-117.9289,61.34,82,20,8.05,few clouds
697,Sabang,ID,5.8933,95.3214,83.08,72,100,5.23,overcast clouds
698,Dharchula,IN,29.85,80.5333,80.33,25,49,4.65,scattered clouds
699,Salym,RU,60.0625,71.4789,22.82,70,21,9.28,few clouds
700,Byumba,RW,-1.5763,30.0675,53.8,91,99,2.21,overcast clouds
701,Chlorakas,CY,34.8042,32.4083,50.88,76,40,9.22,scattered clouds
702,Vulpeni,RO,44.4667,23.9167,36.46,93,2,3.44,mist
703,Homer,US,59.6425,-151.5483,44.49,42,20,3.44,few clouds
704,Varadero,CU,23.1536,-81.2514,72.36,76,25,22.55,scattered clouds
705,Cagliliog,PH,13.9016,123.2913,87.28,65,14,4.52,few clouds
706,Ust-Ilimsk,RU,58.0006,102.6619,30.58,59,100,2.48,overcast clouds
707,Oviedo,ES,43.3603,-5.8448,46.27,96,98,1.01,overcast clouds
708,Kununurra,AU,-15.7667,128.7333,93.18,26,61,12.66,broken clouds
709,Gamba,GA,-2.65,10.0,75.63,93,100,2.3,overcast clouds
710,Ivaipora,BR,-24.2478,-51.6847,59.86,84,0,3.2,clear sky
711,Bamako,ML,12.65,-8.0,81.43,12,58,3.96,broken clouds
712,Coihaique,CL,-45.5752,-72.0662,46.35,87,100,4.61,light rain
713,Suwannaphum,TH,15.6035,103.8021,91.85,48,65,6.93,broken clouds
714,Bukachacha,RU,52.9833,116.9167,40.42,14,15,6.44,few clouds
715,Beloha,MG,-25.1667,45.05,72.16,85,92,15.14,overcast clouds
716,Sfantu Gheorghe,RO,45.8667,25.7833,38.82,96,98,3.4,overcast clouds
